group,status,ran,assertions,failures,errors,seconds
ooRexx/API/classic/CLASSIC.testGroup,fail,0,0,0,1,0
ooRexx/SimpleTests.testGroup,ok,7,9,0,0,1
ooRexx/API/oo/CONVERSION.testGroup,fail,0,0,0,1,0
ooRexx/API/oo/FUNCTION.testGroup,fail,0,0,0,1,1
ooRexx/base/bif/ABBREV.testGroup,ok,117,67448,0,0,1
ooRexx/API/oo/INVOCATION.testGroup,fail,0,0,0,1,0
ooRexx/base/bif/ABS.testGroup,ok,49,52,0,0,0
ooRexx/API/oo/METHOD.testGroup,fail,0,0,0,1,1
ooRexx/base/bif/ADDRESS.testGroup,ok,1,3,0,0,1
ooRexx/API/oo/ProcessInvocation.testGroup,fail,0,0,0,1,0
ooRexx/API/oo/ProcessRexxStart.testGroup,fail,0,0,0,1,1
ooRexx/API/oo/RexxStart.testGroup,fail,0,0,0,1,0
ooRexx/base/bif/ARG.testGroup,ok,17,225,0,0,2
ooRexx/base/bif/B2X.testGroup,ok,41,41,0,0,0
ooRexx/base/bif/BEEP.testGroup,ok,9,9,0,0,0
ooRexx/base/bif/BITAND.testGroup,ok,101,101,0,0,1
ooRexx/base/bif/BITOR.testGroup,ok,124,124,0,0,0
ooRexx/base/bif/BITXOR.testGroup,ok,136,136,0,0,1
ooRexx/base/bif/C2D.testGroup,ok,105,892,0,0,0
ooRexx/base/bif/C2X.testGroup,ok,34,34,0,0,1
ooRexx/base/bif/CENTER.testGroup,ok,97,352,0,0,0
ooRexx/base/bif/CENTRE.testGroup,ok,97,352,0,0,0
ooRexx/base/bif/CHANGESTR.testGroup,ok,9,9,0,0,1
ooRexx/base/bif/CHARIN.testGroup,ok,13,39,0,0,0
ooRexx/base/bif/CHAROUT.testGroup,fail,39,633,1,0,3
ooRexx/base/bif/CHARS.testGroup,ok,11,2958,0,0,0
ooRexx/base/bif/COMPARE.testGroup,ok,166,166,0,0,1
ooRexx/base/bif/CONDITION.testGroup,ok,14,513,0,0,0
ooRexx/base/bif/COPIES.testGroup,ok,622,623,0,0,1
ooRexx/base/bif/COUNTSTR.testGroup,ok,5,4,0,0,0
ooRexx/base/bif/D2C.testGroup,ok,43,59,0,0,1
ooRexx/base/bif/D2X.testGroup,ok,49,67,0,0,0
ooRexx/base/bif/DATATYPE.testGroup,ok,17,488,0,0,0
ooRexx/base/bif/DATE.testGroup,ok,65,888,0,0,1
ooRexx/base/bif/DELSTR.testGroup,ok,71,108,0,0,0
ooRexx/base/bif/DELWORD.testGroup,ok,45,80,0,0,1
ooRexx/base/bif/DIGITS.testGroup,ok,19,26,0,0,0
ooRexx/base/bif/ERRORTEXT.testGroup,ok,1,103,0,0,0
ooRexx/base/bif/FILESPEC.testGroup,ok,12,35,0,0,1
ooRexx/base/bif/FORM.testGroup,ok,1,3,0,0,0
ooRexx/base/bif/FORMAT.testGroup,ok,767,875,0,0,1
ooRexx/base/bif/FUZZ.testGroup,ok,1,3,0,0,0
ooRexx/base/bif/GC.testGroup,ok,5,8,0,0,1
ooRexx/base/bif/INSERT.testGroup,ok,144,150,0,0,0
ooRexx/base/bif/LASTPOS.testGroup,ok,183,202,0,0,1
ooRexx/base/class/Alarm.testGroup,ok,6,68,0,0,17
ooRexx/base/bif/LEFT.testGroup,ok,41,43,0,0,0
ooRexx/base/bif/LENGTH.testGroup,ok,32,32,0,0,1
ooRexx/base/bif/LINEIN.testGroup,ok,4,15,0,0,0
ooRexx/base/bif/LINEOUT.testGroup,fail,17,47,1,0,1
ooRexx/base/bif/LINES.testGroup,ok,16,102,0,0,0
ooRexx/base/class/Array.testGroup,ok,182,8396,0,0,2
ooRexx/base/bif/LOWER.testGroup,ok,1,5,0,0,1
ooRexx/base/class/Bag.testGroup,ok,45,273,0,0,1
ooRexx/base/bif/MAX.testGroup,ok,13,20,0,0,0
ooRexx/base/class/CircularQueue.testGroup,ok,66,349,0,0,1
ooRexx/base/bif/MIN.testGroup,ok,9,16,0,0,1
ooRexx/base/class/Class.testGroup,ok,103,314,0,0,0
ooRexx/base/bif/OVERLAY.testGroup,ok,59,76,0,0,1
ooRexx/base/class/CollectionMethods.testGroup,ok,100,710,0,0,1
ooRexx/base/bif/POS.testGroup,ok,103,107,0,0,0
ooRexx/base/class/CollectionSetlikeMethods.testGroup,ok,9,246,0,0,1
ooRexx/base/bif/QUALIFY.testGroup,ok,19,23,0,0,1
ooRexx/base/class/Comparator.testGroup,ok,8,76,0,0,0
ooRexx/base/bif/QUEUED.testGroup,ok,8,7,0,0,1
ooRexx/base/bif/RANDOM.testGroup,ok,11,129,0,0,0
ooRexx/base/bif/REVERSE.testGroup,ok,25,28,0,0,0
ooRexx/base/bif/RIGHT.testGroup,ok,51,54,0,0,0
ooRexx/base/bif/RXQUEUE.testGroup,ok,18,978,0,0,1
ooRexx/base/bif/SIGN.testGroup,ok,48,51,0,0,0
ooRexx/base/bif/SOURCELINE.testGroup,ok,11,136,0,0,1
ooRexx/base/bif/SPACE.testGroup,ok,71,81,0,0,0
ooRexx/base/bif/STREAM.testGroup,ok,40,220,0,0,1
ooRexx/base/bif/STRIP.testGroup,ok,109,115,0,0,0
ooRexx/base/bif/SUBSTR.testGroup,ok,91,96,0,0,1
ooRexx/base/bif/SUBWORD.testGroup,ok,154,160,0,0,0
ooRexx/base/bif/SYMBOL.testGroup,ok,29,37,0,0,1
ooRexx/base/bif/TIME.testGroup,ok,91,313,0,0,0
ooRexx/base/bif/TRANSLATE.testGroup,ok,29,39,0,0,1
ooRexx/base/bif/TRUNC.testGroup,ok,42,47,0,0,0
ooRexx/base/bif/UPPER.testGroup,ok,1,5,0,0,1
ooRexx/base/bif/VALUE.testGroup,ok,53,78,0,0,0
ooRexx/base/bif/VAR.testGroup,ok,1,6,0,0,1
ooRexx/base/bif/VERIFY.testGroup,ok,100,113,0,0,0
ooRexx/base/bif/WORD.testGroup,ok,73,72,0,0,1
ooRexx/base/bif/WORDINDEX.testGroup,ok,74,73,0,0,0
ooRexx/base/bif/WORDLENGTH.testGroup,ok,73,73,0,0,0
ooRexx/base/bif/WORDPOS.testGroup,ok,193,197,0,0,1
ooRexx/base/bif/WORDS.testGroup,ok,42,42,0,0,1
ooRexx/base/bif/X2B.testGroup,ok,69,73,0,0,0
ooRexx/base/bif/X2C.testGroup,ok,51,51,0,0,0
ooRexx/base/bif/X2D.testGroup,ok,73,108,0,0,1
ooRexx/base/bif/XRANGE.testGroup,ok,51,195,0,0,0
ooRexx/base/class/MutableBuffer/append.testGroup,ok,5,5,0,0,1
ooRexx/base/class/MutableBuffer/brackets.testGroup,ok,16,29,0,0,0
ooRexx/base/class/MutableBuffer/caselessChangestr.testGroup,ok,13,202,0,0,1
ooRexx/base/class/MutableBuffer/caselessContains.testGroup,ok,43,310,0,0,0
ooRexx/base/class/MutableBuffer/caselessContainsWord.testGroup,ok,22,22,0,0,1
ooRexx/base/class/MutableBuffer/caselessCountstr.testGroup,ok,1,5,0,0,0
ooRexx/base/class/MutableBuffer/caselessLastpos.testGroup,ok,180,197,0,0,1
ooRexx/base/class/MutableBuffer/caselessMatch.testGroup,ok,12,26,0,0,0
ooRexx/base/class/MutableBuffer/caselessMatchChar.testGroup,ok,5,15,0,0,1
ooRexx/base/class/MutableBuffer/caselessPos.testGroup,ok,95,98,0,0,0
ooRexx/base/class/MutableBuffer/caselessWordPos.testGroup,ok,191,199,0,0,1
ooRexx/base/class/MutableBuffer/changestr.testGroup,ok,15,119,0,0,0
ooRexx/base/class/MutableBuffer/contains.testGroup,ok,29,295,0,0,1
ooRexx/base/class/MutableBuffer/containsWord.testGroup,ok,22,22,0,0,0
ooRexx/base/class/MutableBuffer/countstr.testGroup,ok,5,4,0,0,0
ooRexx/base/class/MutableBuffer/delStr.testGroup,ok,11,12,0,0,1
ooRexx/base/class/DateTime.testGroup,ok,70,633,0,0,22
ooRexx/base/class/MutableBuffer/delete.testGroup,ok,11,12,0,0,0
ooRexx/base/class/Directory.testGroup,ok,84,323,0,0,1
ooRexx/base/class/MutableBuffer/delword.testGroup,ok,44,79,0,0,1
ooRexx/base/class/EventSemaphore.testGroup,ok,9,30,0,0,0
ooRexx/base/class/MutableBuffer/getbuffersize.testGroup,ok,7,19,0,0,1
ooRexx/base/class/File.testGroup,fail,64,264,4,0,1
ooRexx/base/class/MutableBuffer/insert.testGroup,ok,268,264,0,0,0
ooRexx/base/class/IdentityTable.testGroup,ok,43,182,0,0,1
ooRexx/base/class/List.testGroup,ok,74,407,0,0,0
ooRexx/base/class/MutableBuffer/lastpos.testGroup,ok,187,376,0,0,1
ooRexx/base/class/MutableBuffer/length.testGroup,ok,27,59,0,0,1
ooRexx/base/class/MutableBuffer/lower.testGroup,ok,1,5,0,0,0
ooRexx/base/class/MutableBuffer/match.testGroup,ok,12,26,0,0,1
ooRexx/base/class/MutableBuffer/matchChar.testGroup,ok,5,15,0,0,0
ooRexx/base/class/MutableBuffer/new.testGroup,ok,5,5,0,0,0
ooRexx/base/class/MutableBuffer/overlay.testGroup,ok,65,120,0,0,1
ooRexx/base/class/MutableBuffer/pos.testGroup,ok,107,198,0,0,0
ooRexx/base/class/MutableBuffer/replaceAt.testGroup,ok,17,38,0,0,1
ooRexx/base/class/MutableBuffer/setText.testGroup,ok,4,35,0,0,0
ooRexx/base/class/MutableBuffer/setbuffersize.testGroup,ok,5,10,0,0,0
ooRexx/base/class/MutableBuffer/space.testGroup,ok,239,239,0,0,1
ooRexx/base/class/MutableBuffer/string.testGroup,ok,2,3,0,0,0
ooRexx/base/class/MutableBuffer/subWord.testGroup,ok,146,152,0,0,1
ooRexx/base/class/MutableBuffer/subWords.testGroup,ok,149,684,0,0,0
ooRexx/base/class/MutableBuffer/subchar.testGroup,ok,6,10,0,0,1
ooRexx/base/class/MutableBuffer/substr.testGroup,ok,97,156,0,0,0
ooRexx/base/class/MutableBuffer/translate.testGroup,ok,28,38,0,0,1
ooRexx/base/class/MutableBuffer/upper.testGroup,ok,1,5,0,0,0
ooRexx/base/class/MutableBuffer/verify.testGroup,ok,97,110,0,0,0
ooRexx/base/class/MutableBuffer/word.testGroup,ok,71,70,0,0,1
ooRexx/base/class/MutableBuffer/wordindex.testGroup,ok,72,71,0,0,0
ooRexx/base/class/MutableBuffer/wordlength.testGroup,ok,70,70,0,0,1
ooRexx/base/class/MutableBuffer/wordpos.testGroup,ok,190,194,0,0,0
ooRexx/base/class/MutableBuffer/words.testGroup,ok,41,41,0,0,0
ooRexx/base/class/String/String.testGroup,ok,2,20,0,0,1
ooRexx/base/class/String/abbrev.testGroup,ok,117,67448,0,0,0
ooRexx/base/class/String/abs.testGroup,ok,46,56,0,0,0
ooRexx/base/class/String/append.testGroup,ok,3,10,0,0,0
ooRexx/base/class/String/arithmetic.testGroup,ok,1,18,0,0,1
ooRexx/base/class/String/b2x.testGroup,ok,41,41,0,0,0
ooRexx/base/class/String/bitand.testGroup,ok,102,102,0,0,1
ooRexx/base/class/String/bitor.testGroup,ok,124,124,0,0,0
ooRexx/base/class/String/bitxor.testGroup,ok,136,136,0,0,0
ooRexx/base/class/String/brackets.testGroup,ok,100,106,0,0,1
ooRexx/base/class/String/c2d.testGroup,ok,106,893,0,0,0
ooRexx/base/class/String/c2x.testGroup,ok,34,34,0,0,1
ooRexx/base/class/String/caselessAbbrev.testGroup,ok,119,67454,0,0,0
ooRexx/base/class/String/caselessChangestr.testGroup,ok,8,25,0,0,1
ooRexx/base/class/String/caselessCompare.testGroup,ok,161,166,0,0,0
ooRexx/base/class/String/caselessCompareTo.testGroup,ok,1,6,0,0,1
ooRexx/base/class/String/caselessContains.testGroup,ok,117,628,0,0,0
ooRexx/base/class/String/caselessContainsWord.testGroup,ok,385,398,0,0,1
ooRexx/base/class/Message.testGroup,ok,68,279,0,0,19
ooRexx/base/class/String/caselessCountstr.testGroup,ok,1,5,0,0,0
ooRexx/base/class/String/caselessEquals.testGroup,ok,1,8,0,0,1
ooRexx/base/class/Method.testGroup,ok,56,103,0,0,1
ooRexx/base/class/String/caselessLastpos.testGroup,ok,183,200,0,0,1
ooRexx/base/class/MethodArgs.testGroup,ok,10,2232,0,0,1
ooRexx/base/class/String/caselessMatch.testGroup,ok,12,26,0,0,0
ooRexx/base/class/Monitor.testGroup,ok,7,19,0,0,1
ooRexx/base/class/String/caselessMatchChar.testGroup,ok,5,15,0,0,1
ooRexx/base/class/MutexSemaphore.testGroup,ok,8,42,0,0,0
ooRexx/base/class/String/caselessPos.testGroup,ok,103,106,0,0,1
ooRexx/base/class/String/caselessWordPos.testGroup,ok,193,201,0,0,0
ooRexx/base/class/String/ceiling.testGroup,ok,7,36,0,0,1
ooRexx/base/class/String/center.testGroup,ok,85,340,0,0,0
ooRexx/base/class/String/centre.testGroup,ok,85,340,0,0,1
ooRexx/base/class/Object.testGroup,ok,149,334,0,0,3
ooRexx/base/class/String/changestr.testGroup,ok,10,14,0,0,0
ooRexx/base/class/Orderable.testGroup,ok,30,774,0,0,1
ooRexx/base/class/String/compare.testGroup,ok,166,166,0,0,1
ooRexx/base/class/String/compareTo.testGroup,ok,1,3,0,0,0
ooRexx/base/class/String/comparisonOperators.testGroup,ok,4,312,0,0,1
ooRexx/base/class/String/concatenationOperators.testGroup,ok,1,7,0,0,0
ooRexx/base/class/Package.testGroup,ok,80,171,0,0,1
ooRexx/base/class/String/contains.testGroup,ok,115,372,0,0,1
ooRexx/base/class/Package_Options.testGroup,ok,54,332,0,0,1
ooRexx/base/class/String/containsWord.testGroup,ok,193,197,0,0,1
ooRexx/base/class/Properties.testGroup,ok,74,173,0,0,1
ooRexx/base/class/Queue.testGroup,ok,65,1876,0,0,1
ooRexx/base/class/String/copies.testGroup,ok,552,555,0,0,1
ooRexx/base/class/QueueRGF.testGroup,ok,45,295,0,0,0
ooRexx/base/class/String/countstr.testGroup,ok,5,4,0,0,0
ooRexx/base/class/Relation.testGroup,ok,45,233,0,0,1
ooRexx/base/class/String/d2c.testGroup,ok,43,59,0,0,1
ooRexx/base/class/String/d2x.testGroup,ok,49,67,0,0,1
ooRexx/base/class/RexxContext.testGroup,ok,15,359,0,0,1
ooRexx/base/class/RexxInfo.testGroup,ok,21,38,0,0,0
ooRexx/base/class/String/datatype.testGroup,ok,18,490,0,0,0
ooRexx/base/class/String/delstr.testGroup,ok,70,107,0,0,1
ooRexx/base/class/RexxInteger.testGroup,ok,20,25959,0,0,1
ooRexx/base/class/String/delword.testGroup,ok,45,80,0,0,1
ooRexx/base/class/String/encode_decodeBase64.testGroup,ok,24,2260,0,0,0
ooRexx/base/class/String/endsWith.testGroup,ok,4,24,0,0,1
ooRexx/base/class/String/equals.testGroup,ok,1,8,0,0,1
ooRexx/base/class/RexxQueue.testGroup,ok,48,277,0,0,3
ooRexx/base/class/String/floor.testGroup,ok,7,36,0,0,0
ooRexx/base/class/Routine.testGroup,ok,60,99,0,0,1
ooRexx/base/class/String/format.testGroup,ok,771,1499,0,0,2
ooRexx/base/class/Set.testGroup,ok,30,203,0,0,1
ooRexx/base/class/String/iif.testGroup,ok,11,18,0,0,0
ooRexx/base/class/Singleton.testGroup,ok,2,2,0,0,1
ooRexx/base/class/String/insert.testGroup,ok,144,150,0,0,1
ooRexx/base/class/StackFrame.testGroup,ok,11,70,0,0,0
ooRexx/base/class/String/lastpos.testGroup,ok,183,202,0,0,1
ooRexx/base/class/Stem.testGroup,ok,52,253,0,0,1
ooRexx/base/class/String/left.testGroup,ok,41,43,0,0,0
ooRexx/base/class/String/length.testGroup,ok,33,33,0,0,1
ooRexx/base/class/String/logicalOperators.testGroup,ok,1,17,0,0,0
ooRexx/base/class/String/lower.testGroup,ok,1,5,0,0,1
ooRexx/base/class/String/makearray.testGroup,ok,1,2,0,0,0
ooRexx/base/class/String/makestring.testGroup,ok,1,4,0,0,1
ooRexx/base/class/String/match.testGroup,ok,12,26,0,0,0
ooRexx/base/class/String/matchChar.testGroup,ok,5,15,0,0,1
ooRexx/base/class/String/max.testGroup,ok,14,21,0,0,0
ooRexx/base/class/String/min.testGroup,ok,10,17,0,0,1
ooRexx/base/class/String/modulo.testGroup,ok,14,938,0,0,0
ooRexx/base/class/String/new.testGroup,ok,1,8,0,0,1
ooRexx/base/class/String/overlay.testGroup,ok,58,75,0,0,0
ooRexx/base/class/String/pos.testGroup,ok,103,107,0,0,1
ooRexx/base/class/String/replaceat.testGroup,ok,17,38,0,0,0
ooRexx/base/class/String/reverse.testGroup,ok,24,26,0,0,1
ooRexx/base/class/String/right.testGroup,ok,51,53,0,0,0
ooRexx/base/class/String/round.testGroup,ok,8,68,0,0,0
ooRexx/base/class/String/sign.testGroup,ok,48,51,0,0,1
ooRexx/base/class/String/space.testGroup,ok,242,242,0,0,0
ooRexx/base/class/String/startsWith.testGroup,ok,4,22,0,0,1
ooRexx/base/class/String/strip.testGroup,ok,108,114,0,0,0
ooRexx/base/class/String/subWords.testGroup,ok,131,704,0,0,1
ooRexx/base/class/String/subchar.testGroup,ok,1,4,0,0,0
ooRexx/base/class/String/substr.testGroup,ok,91,96,0,0,1
ooRexx/base/class/String/subword.testGroup,ok,125,131,0,0,0
ooRexx/base/class/String/translate.testGroup,ok,29,39,0,0,1
ooRexx/base/class/String/trunc.testGroup,ok,42,45,0,0,0
ooRexx/base/class/String/upper.testGroup,ok,1,5,0,0,1
ooRexx/base/class/String/verify.testGroup,ok,100,113,0,0,0
ooRexx/base/class/String/word.testGroup,ok,73,72,0,0,1
ooRexx/base/class/String/wordindex.testGroup,ok,74,73,0,0,0
ooRexx/base/class/String/wordlength.testGroup,ok,73,73,0,0,1
ooRexx/base/class/String/wordpos.testGroup,ok,193,197,0,0,0
ooRexx/base/class/Stream.testGroup,fail,107,25349,1,0,17
ooRexx/base/class/String/words.testGroup,ok,42,42,0,0,1
ooRexx/base/class/Table.testGroup,ok,44,210,0,0,0
ooRexx/base/class/String/x2b.testGroup,ok,69,76,0,0,0
ooRexx/base/class/String/x2c.testGroup,ok,51,51,0,0,0
ooRexx/base/class/String/x2d.testGroup,ok,68,84,0,0,1
ooRexx/base/class/collections/array.testGroup,ok,41,134,0,0,0
ooRexx/base/class/collections/bag.testGroup,ok,11,44,0,0,0
ooRexx/base/class/collections/circularqueue.testGroup,ok,7,86,0,0,1
ooRexx/base/class/collections/directory.testGroup,ok,29,96,0,0,0
ooRexx/base/class/collections/list.testGroup,ok,19,65,0,0,0
ooRexx/base/class/collections/properties.testGroup,ok,11,49,0,0,1
ooRexx/base/class/collections/queue.testGroup,ok,22,107,0,0,0
ooRexx/base/class/collections/stringtable.testGroup,ok,44,107,0,0,1
ooRexx/base/directives/ANNOTATE.testGroup,ok,51,108,0,0,0
ooRexx/base/directives/ATTRIBUTE.testGroup,ok,84,304,0,0,0
ooRexx/base/directives/CLASS.testGroup,ok,54,157,0,0,1
ooRexx/base/class/Ticker.testGroup,ok,30,87,0,0,6
ooRexx/base/directives/CONSTANT.testGroup,ok,29,174,0,0,0
ooRexx/base/class/TimeSpan.testGroup,ok,46,74,0,0,1
ooRexx/base/class/Validate.testGroup,ok,101,92,0,0,0
ooRexx/base/class/WeakReference.testGroup,ok,2,4,0,0,1
ooRexx/base/expressions/ADDITION.testGroup,ok,198,304,0,0,0
ooRexx/base/expressions/COMPOSITE.testGroup,ok,28,28,0,0,1
ooRexx/base/expressions/CONCATENATION.testGroup,ok,3,388,0,0,0
ooRexx/base/expressions/DIVISION.testGroup,ok,313,379,0,0,1
ooRexx/base/directives/METHOD.testGroup,ok,78,232,0,0,4
ooRexx/base/expressions/EXPONENT.testGroup,ok,97,132,0,0,0
ooRexx/base/directives/OPTIONS.testGroup,ok,87,155,0,0,1
ooRexx/base/expressions/Literals.testGroup,ok,43,432,0,0,1
ooRexx/base/directives/REQUIRES.testGroup,ok,33,37,0,0,0
ooRexx/base/expressions/MULTIPLICATION.testGroup,ok,151,1180,0,0,1
ooRexx/base/directives/RESOURCE.testGroup,ok,13,86,0,0,1
ooRexx/base/directives/ROUTINE.testGroup,ok,30,46,0,0,0
ooRexx/base/expressions/PRECEDENCE.testGroup,ok,1366,1370,0,0,1
ooRexx/base/expressions/REMAINDER.testGroup,ok,293,297,0,0,1
ooRexx/base/keyword/ADDRESS.testGroup,ok,80,304,0,0,1
ooRexx/base/expressions/SPECIAL.testGroup,ok,96,96,0,0,0
ooRexx/base/keyword/ASSIGNMENT.testGroup,ok,8,849,0,0,1
ooRexx/base/expressions/SUBTRACTION.testGroup,ok,300,406,0,0,1
ooRexx/base/keyword/Assignments.testGroup,ok,11,18,0,0,0
ooRexx/base/rexxutil/Macrospace.testGroup,ok,39,242,0,0,1
ooRexx/base/rexxutil/SysDumpVariables.testGroup,ok,4,8,0,0,1
ooRexx/base/rexxutil/SysFileDateTime.testGroup,ok,8,31,0,0,0
ooRexx/base/rexxutil/SysFileSearch.testGroup,ok,14,147,0,0,1
ooRexx/base/keyword/CALL.testGroup,ok,25,181,0,0,3
ooRexx/base/rexxutil/SysFileTree.testGroup,ok,26,2292,0,0,1
ooRexx/base/rexxutil/SysFileXXX.testGroup,fail,43,151,1,0,1
ooRexx/base/rexxutil/SysFormatMessage.testGroup,ok,5,20,0,0,0
ooRexx/base/keyword/DO.testGroup,ok,132,905,0,0,2
ooRexx/base/rexxutil/SysSearchPath.testGroup,ok,10,66,0,0,1
ooRexx/base/keyword/DoControlled.testGroup,ok,60,100,0,0,0
ooRexx/base/keyword/DoOther.testGroup,ok,28,43,0,0,1
ooRexx/base/keyword/DoOver.testGroup,ok,36,52,0,0,0
ooRexx/base/keyword/DoWith.testGroup,ok,37,74,0,0,0
ooRexx/base/keyword/EXPOSE.testGroup,ok,16,39,0,0,1
ooRexx/base/keyword/FORWARD.testGroup,ok,6,18,0,0,0
ooRexx/base/keyword/GUARD.testGroup,ok,24,26,0,0,1
ooRexx/base/keyword/IF.testGroup,ok,168,180,0,0,1
ooRexx/base/keyword/INTERPRET.testGroup,ok,11,11,0,0,0
ooRexx/base/keyword/ITERATE.testGroup,ok,31,46,0,0,1
ooRexx/base/keyword/LABEL.testGroup,ok,42,41,0,0,0
ooRexx/base/keyword/LEAVE.testGroup,ok,23,29,0,0,0
ooRexx/base/keyword/LOOP.testGroup,ok,21,54,0,0,1
ooRexx/base/keyword/LOSTDIGITS.testGroup,ok,11,0,0,0,0
ooRexx/base/keyword/LabelOption.testGroup,ok,8,36,0,0,1
ooRexx/base/rexxutil/SysSleep.testGroup,ok,7,23,0,0,7
ooRexx/base/keyword/LoopControlled.testGroup,ok,60,100,0,0,0
ooRexx/base/rexxutil/SysStemCopy.testGroup,ok,12,103,0,0,0
ooRexx/base/rexxutil/SysStemDelete.testGroup,ok,5,21,0,0,1
ooRexx/base/keyword/LoopOther.testGroup,ok,28,43,0,0,1
ooRexx/base/rexxutil/SysStemInsert.testGroup,ok,5,17,0,0,1
ooRexx/base/keyword/LoopOver.testGroup,ok,36,51,0,0,1
ooRexx/base/rexxutil/SysStemSort.testGroup,ok,18,168,0,0,0
ooRexx/base/keyword/LoopWith.testGroup,ok,37,74,0,0,0
ooRexx/base/rexxutil/platform/unix/SysGetMessage.testGroup,ok,0,0,0,0,1
ooRexx/base/keyword/NOP.testGroup,ok,4,5,0,0,1
ooRexx/base/rexxutil/platform/unix/tilde.testGroup,ok,0,0,0,0,0
ooRexx/base/keyword/NUMERIC.testGroup,ok,99,537,0,0,1
ooRexx/base/rexxutil/platform/windows/SysBootDrive.testGroup,ok,0,0,0,0,1
ooRexx/base/rexxutil/platform/windows/SysCurPos.testGroup,ok,0,0,0,0,0
ooRexx/base/rexxutil/platform/windows/SysCurState.testGroup,ok,0,0,0,0,0
ooRexx/base/keyword/PARSE.testGroup,ok,682,1412,0,0,2
ooRexx/base/rexxutil/platform/windows/SysDrive.testGroup,ok,0,0,0,0,1
ooRexx/base/keyword/RAISE.testGroup,ok,22,130,0,0,0
ooRexx/base/rexxutil/platform/windows/SysDriveMap.testGroup,ok,0,0,0,0,1
ooRexx/base/rexxutil/platform/windows/SysFileTree.testGroup,ok,0,0,0,0,0
ooRexx/base/keyword/REPLY.testGroup,ok,18,18,0,0,1
ooRexx/base/rexxutil/platform/windows/SysGetXxxPathName.testGroup,ok,0,0,0,0,1
ooRexx/base/keyword/SAY.testGroup,ok,2,9,0,0,1
ooRexx/base/rexxutil/platform/windows/SysIni.testGroup,ok,0,0,0,0,1
ooRexx/base/keyword/SELECT.testGroup,ok,44,49,0,0,1
ooRexx/base/rexxutil/platform/windows/SysIsFileDirectory.testGroup,ok,0,0,0,0,0
ooRexx/base/keyword/SIGNAL.testGroup,ok,33,42,0,0,1
ooRexx/base/rexxutil/platform/windows/SysSystemDirectory.testGroup,ok,0,0,0,0,1
ooRexx/base/keyword/SelectCase.testGroup,ok,19,21,0,0,0
ooRexx/base/rexxutil/platform/windows/SysTextScreenRead.testGroup,ok,0,0,0,0,1
ooRexx/base/keyword/ShortCircuitAnd.testGroup,ok,6,6,0,0,1
ooRexx/base/rexxutil/platform/windows/SysTextScreenSize.testGroup,ok,0,0,0,0,0
ooRexx/base/keyword/TRACE.testGroup,fail,57,135,1,0,1
ooRexx/base/rexxutil/platform/windows/SysUnicode.testGroup,ok,0,0,0,0,1
ooRexx/base/rexxutil/platform/windows/SysWinVer.testGroup,ok,0,0,0,0,0
ooRexx/base/keyword/TRACE_TraceObject.testGroup,ok,10,1149,0,0,0
ooRexx/base/rexxutil/platform/windows/SysWin_xxx_Printer.testGroup,ok,0,0,0,0,1
ooRexx/base/keyword/USE.testGroup,ok,38,80,0,0,1
ooRexx/base/runtime.objects/environmentEntries.testGroup,ok,15,185,0,0,0
ooRexx/base/keyword/USELOCAL.testGroup,ok,9,24,0,0,1
ooRexx/base/keyword/VarRef.testGroup,ok,43,79,0,0,0
ooRexx/base/security.manager/SecurityManager.testGroup,ok,87,312,0,0,1
ooRexx/base/source.file/SourceFile.testGroup,ok,0,0,0,0,1
ooRexx/base/special.variables/RESULT_RC_SIGL.testGroup,ok,7,52,0,0,1
ooRexx/doc/rexxref/chapter5/Section1.testGroup,ok,3,17,0,0,1
ooRexx/doc/rexxref/chapter7/Section4.testGroup,ok,0,0,0,0,0
ooRexx/extensions/dateparser/DateFormatter.testGroup,ok,31,197,0,0,1
ooRexx/base/source.file/incorrectCharacters.testGroup,ok,1,48,0,0,3
ooRexx/extensions/dateparser/DateParser.testGroup,ok,112,287,0,0,1
ooRexx/base/source.file/whiteSpace.testGroup,ok,13,94,0,0,0
ooRexx/extensions/hostemu/hostemu.testGroup,ok,16,33,0,0,1
ooRexx/extensions/json/json.testGroup,ok,33,259,0,0,1
ooRexx/extensions/platform/unix/ncurses/ncurses.testGroup,ok,0,0,0,0,0
ooRexx/extensions/platform/unix/rxunixsys/SysUnix.testGroup,ok,0,0,0,0,1
ooRexx/extensions/json/json_02.testGroup,ok,227,300,0,0,1
ooRexx/extensions/platform/windows/ole/ExcelQuickTest.testGroup,ok,0,0,0,0,0
ooRexx/extensions/platform/windows/oodialog/Basic.testGroup,ok,0,0,0,0,1
ooRexx/extensions/platform/windows/ole/OLEObject.testGroup,ok,0,0,0,0,1
ooRexx/extensions/platform/windows/rxwinsys/Clipboard.testGroup,ok,0,0,0,0,0
ooRexx/extensions/platform/windows/ole/OLEVariant.testGroup,ok,0,0,0,0,0
ooRexx/extensions/platform/windows/rxwinsys/WindowsEventLog.testGroup,ok,0,0,0,0,1
ooRexx/extensions/platform/windows/ole/Printers.testGroup,ok,0,0,0,0,1
ooRexx/extensions/rxmath/RxMath.testGroup,ok,289,478,0,0,0
ooRexx/extensions/platform/windows/ole/RexxProcess.testGroup,ok,0,0,0,0,0
ooRexx/extensions/platform/windows/ole/SpecialFolders.testGroup,ok,0,0,0,0,1
ooRexx/extensions/rxregexp/rxregexp.testGroup,ok,33,11741,0,0,1
ooRexx/extensions/yaml/yaml.testGroup,ok,54,824,0,0,2
ooRexx/regressions/bug1853738.testGroup,ok,4,4,0,0,0
ooRexx/regressions/bug2003_guard_when.testGroup,ok,1,12,0,0,1
ooRexx/regressions/bug2061_newline_misalignment.testGroup,ok,0,0,0,0,0
ooRexx/extensions/rxsock/socketClass.testGroup,ok,23,114,0,0,8
ooRexx/samples/windows/adsi.testGroup,ok,0,0,0,0,0
ooRexx/samples/windows/fileNameDialog_demo.testGroup,ok,0,0,0,0,1
ooRexx/samples/windows/samples.testGroup,ok,0,0,0,0,0
ooRexx/samples/windows/wmi.testGroup,ok,0,0,0,0,1
ooRexx/utilities/rxapi.testGroup,ok,0,0,0,0,0
ooRexx/utilities/rexx/rexx_command.testGroup,ok,30,85,0,0,7
ooRexx/utilities/rexxc/rexxc.testGroup,ok,11,56,0,0,4
ooRexx/utilities/rxqueue/rxQueue.testGroup,ok,9,58,0,0,6
ooRexx/utilities/rxsubcom/rxsubcom.testGroup,ok,13,42,0,0,9
ooRexx/samples/samples.testGroup,ok,29,118,0,0,70
ooRexx/samples/scclient.testGroup,ok,2,16,0,0,7
ooRexx/samples/scserver.testGroup,ok,2,9,0,0,9
ooRexx/samples/sfclient.testGroup,ok,2,16,0,0,6
ooRexx/samples/sfserver.testGroup,ok,2,9,0,0,9
